{
  "config": {
    "step": {
      "user": {
        "title": "Set up ChoreBoard",
        "description": "Enter your ChoreBoard credentials. The username and SECRET_KEY will be used to generate authentication tokens automatically.",
        "data": {
          "username": "ChoreBoard Username",
          "secret_key": "Django SECRET_KEY",
          "url": "ChoreBoard URL",
          "scan_interval": "Update Interval (seconds)"
        },
        "data_description": {
          "username": "Your ChoreBoard username",
          "secret_key": "The Django SECRET_KEY from your ChoreBoard backend settings",
          "url": "Base URL of your ChoreBoard instance (e.g., http://localhost:8000)",
          "scan_interval": "How often to poll for updates (10-300 seconds). Service calls trigger immediate updates regardless of this setting."
        }
      },
      "select_users": {
        "title": "Select Users to Monitor",
        "description": "Choose which ChoreBoard users to create 'My Chores' sensors for. System-wide sensors (Outstanding, Late, Leaderboard) will be created automatically.",
        "data": {
          "monitored_users": "Users to Monitor"
        },
        "data_description": {
          "monitored_users": "Select one or more users. A 'My Chores' sensor will be created for each."
        }
      }
    },
    "error": {
      "cannot_connect": "Failed to connect to ChoreBoard API. Check the URL and network connectivity.",
      "invalid_auth": "Authentication failed. Verify your username and SECRET_KEY are correct.",
      "no_users_selected": "Please select at least one user to monitor.",
      "unknown": "Unexpected error occurred. Check the logs for details."
    },
    "abort": {
      "already_configured": "This ChoreBoard instance and username combination is already configured."
    }
  },
  "options": {
    "step": {
      "init": {
        "title": "ChoreBoard Options",
        "description": "Choose which setting to configure",
        "menu_options": {
          "scan_interval": "Update Interval",
          "monitored_users": "Monitored Users",
          "credentials": "Connection Settings"
        }
      },
      "scan_interval": {
        "title": "Configure Update Interval",
        "description": "How often to poll the ChoreBoard backend for updates (in seconds). Changes made through Home Assistant will trigger immediate updates regardless of this setting.",
        "data": {
          "scan_interval": "Update interval (seconds)"
        },
        "data_description": {
          "scan_interval": "Poll frequency in seconds (10-300). Default is 30 seconds."
        }
      },
      "monitored_users": {
        "title": "Configure Monitored Users",
        "description": "Select which ChoreBoard users to monitor. A 'My Chores' sensor will be created for each selected user.",
        "data": {
          "monitored_users": "Users to monitor"
        },
        "data_description": {
          "monitored_users": "Select one or more users. Changes will be applied immediately."
        }
      },
      "credentials": {
        "title": "Update Connection Settings",
        "description": "Update your ChoreBoard backend connection credentials and URL.",
        "data": {
          "username": "ChoreBoard Username",
          "secret_key": "Django SECRET_KEY",
          "url": "ChoreBoard URL"
        },
        "data_description": {
          "username": "Your ChoreBoard username",
          "secret_key": "The Django SECRET_KEY from your ChoreBoard backend settings",
          "url": "Base URL of your ChoreBoard instance (e.g., http://localhost:8000)"
        }
      }
    },
    "error": {
      "cannot_connect": "Failed to connect to ChoreBoard backend. Check the URL and network connection.",
      "invalid_auth": "Authentication failed. Check your username and SECRET_KEY.",
      "no_users_selected": "Please select at least one user to monitor.",
      "unknown": "Unexpected error occurred. Check Home Assistant logs."
    }
  },
  "services": {
    "mark_complete": {
      "name": "Mark chore complete",
      "description": "Mark a chore as completed, optionally with helper credits",
      "fields": {
        "chore_id": {
          "name": "Chore Instance ID",
          "description": "The ID of the chore instance to complete"
        },
        "helpers": {
          "name": "Helper IDs",
          "description": "Optional list of user IDs who helped with the chore"
        }
      }
    },
    "claim_chore": {
      "name": "Claim chore",
      "description": "Claim a pool chore for the authenticated user",
      "fields": {
        "chore_id": {
          "name": "Chore Instance ID",
          "description": "The ID of the pool chore instance to claim"
        }
      }
    },
    "undo_completion": {
      "name": "Undo completion",
      "description": "Undo a chore completion (admin only)",
      "fields": {
        "chore_id": {
          "name": "Completion ID",
          "description": "The ID of the completion to undo"
        }
      }
    },
    "start_arcade": {
      "name": "Start arcade mode",
      "description": "Start arcade mode timer for a chore instance",
      "fields": {
        "instance_id": {
          "name": "Chore Instance ID",
          "description": "The ID of the chore instance to start arcade mode for"
        },
        "user_id": {
          "name": "User ID",
          "description": "Optional user ID to start arcade for (defaults to authenticated user)"
        }
      }
    },
    "stop_arcade": {
      "name": "Stop arcade mode",
      "description": "Stop arcade timer and prepare for judging",
      "fields": {
        "session_id": {
          "name": "Arcade Session ID",
          "description": "The ID of the arcade session to stop"
        }
      }
    },
    "approve_arcade": {
      "name": "Approve arcade completion",
      "description": "Judge approves arcade completion",
      "fields": {
        "session_id": {
          "name": "Arcade Session ID",
          "description": "The ID of the arcade session to approve"
        },
        "judge_id": {
          "name": "Judge User ID",
          "description": "Optional judge user ID (defaults to authenticated user)"
        },
        "notes": {
          "name": "Judge Notes",
          "description": "Optional notes from the judge"
        }
      }
    },
    "deny_arcade": {
      "name": "Deny arcade completion",
      "description": "Judge denies arcade completion",
      "fields": {
        "session_id": {
          "name": "Arcade Session ID",
          "description": "The ID of the arcade session to deny"
        },
        "judge_id": {
          "name": "Judge User ID",
          "description": "Optional judge user ID (defaults to authenticated user)"
        },
        "notes": {
          "name": "Judge Notes",
          "description": "Optional notes from the judge"
        }
      }
    },
    "continue_arcade": {
      "name": "Continue arcade mode",
      "description": "Resume arcade timer after denial",
      "fields": {
        "session_id": {
          "name": "Arcade Session ID",
          "description": "The ID of the arcade session to continue"
        }
      }
    },
    "cancel_arcade": {
      "name": "Cancel arcade mode",
      "description": "Cancel arcade mode and return chore to pool",
      "fields": {
        "session_id": {
          "name": "Arcade Session ID",
          "description": "The ID of the arcade session to cancel"
        }
      }
    }
  }
}
